<?xml version="1.0" encoding="iso-8859-1"?>
<Televisions noNamespaceSchemaLocation="Televisions.xsd">
  <Television id="1">
    <id>1</id>
    <Titulo>Jóvenes activos</Titulo>
    <Texto>Comprometidos con la infancia</Texto>
    <Imagen>img/cruzrojatv/18septiembre14/captura-de-pantalla-2014-08-20-a-la-s-14-14-46.png</Imagen>
    <Enlace>http://www.cruzroja.tv?video=6806</Enlace>
    <Elid>1</Elid>
    <Fecha>2014.09.12</Fecha>
  </Television>
  <Television id="2">
    <id>2</id>
    <Titulo>#CruzRoja150</Titulo>
    <Texto>¡Tú eres el relevo!</Texto>
    <Imagen>img/cruzrojatv/12sept14/relevo.png</Imagen>
    <Enlace>http://www.cruzroja.tv?video=6755</Enlace>
    <Elid>1</Elid>
    <Fecha>2014.09.12</Fecha>
  </Television>
  <Television id="3">
    <id>3</id>
    <Titulo>Acompañamiento hacia el empleo$$$</Titulo>
    <Texto>Ayuda a desempleados</Texto>
    <Imagen>img/cruzrojatv/12sept14/empleo.png</Imagen>
    <Enlace>http://www.cruzroja.tv?video=6846</Enlace>
    <Elid>1</Elid>
    <Fecha>2014.09.12</Fecha>
  </Television>
</Televisions>
